[
{
    "model": "threads.subject",
    "pk": 1,
    "fields": {
        "name": "Technical",
        "description": "<p class=\"MsoNormal\">Ask the community about fixing, modifying or setting up your bike</p>",
        "icon": "fa fa-wrench"
    }
},
{
    "model": "threads.subject",
    "pk": 2,
    "fields": {
        "name": "Buying and Selling",
        "description": "<p class=\"MsoNormal\">What bike do you go for next time and how not to get ripped off.</p>",
        "icon": "fa fa-gbp"
    }
},
{
    "model": "threads.subject",
    "pk": 3,
    "fields": {
        "name": "Clothing",
        "description": "<p class=\"MsoNormal\">Tell everyone about your new boots, or find out what waterproofs are actually waterproof.</p>",
        "icon": "fa fa-male"
    }
},
{
    "model": "threads.subject",
    "pk": 4,
    "fields": {
        "name": "Bike Accessories",
        "description": "<p class=\"MsoNormal\">Find out here what's worth spending your money on and what isn&rsquo;t</p>",
        "icon": "fa fa-cogs"
    }
},
{
    "model": "threads.subject",
    "pk": 5,
    "fields": {
        "name": "Ride-outs",
        "description": "<p class=\"MsoNormal\">Plan your meet-ups and ride outs and laugh about them afterwards.</p>",
        "icon": "fa fa-road"
    }
},
{
    "model": "threads.subject",
    "pk": 6,
    "fields": {
        "name": "Touring and Travel",
        "description": "<p class=\"MsoNormal\">Share advice and tips, routes with great roads and biker-friendly digs to stay at</p>",
        "icon": "fa fa-globe"
    }
},
{
    "model": "threads.subject",
    "pk": 7,
    "fields": {
        "name": "General",
        "description": "<p class=\"MsoNormal\">If there isn&rsquo;t a suitable section for your thread, leave it here.</p>",
        "icon": "fa fa-coffee"
    }
},
{
    "model": "threads.thread",
    "pk": 1,
    "fields": {
        "name": "Thread test 1 with an extended title for testing purposes. Thread test 1 with an extended title for testing purposes.",
        "user": 2,
        "subject": 1,
        "created_at": "2017-04-05T14:10:34Z",
        "views": 195
    }
},
{
    "model": "threads.thread",
    "pk": 2,
    "fields": {
        "name": "Thread test 2",
        "user": 2,
        "subject": 1,
        "created_at": "2017-04-06T12:07:09.605Z",
        "views": 11
    }
},
{
    "model": "threads.thread",
    "pk": 3,
    "fields": {
        "name": "Poll thread test 1",
        "user": 2,
        "subject": 1,
        "created_at": "2017-04-07T10:32:39.259Z",
        "views": 9
    }
},
{
    "model": "threads.thread",
    "pk": 4,
    "fields": {
        "name": "Non-poll test",
        "user": 2,
        "subject": 1,
        "created_at": "2017-04-07T12:43:13.112Z",
        "views": 8
    }
},
{
    "model": "threads.thread",
    "pk": 5,
    "fields": {
        "name": "Non-poll test 2",
        "user": 2,
        "subject": 1,
        "created_at": "2017-04-07T13:00:01.603Z",
        "views": 3
    }
},
{
    "model": "threads.thread",
    "pk": 6,
    "fields": {
        "name": "Test prior to adding images",
        "user": 2,
        "subject": 2,
        "created_at": "2017-05-09T11:32:14.238Z",
        "views": 8
    }
},
{
    "model": "threads.thread",
    "pk": 7,
    "fields": {
        "name": "Test thread created by a different user",
        "user": 1,
        "subject": 1,
        "created_at": "2017-06-06T12:52:30.953Z",
        "views": 7
    }
},
{
    "model": "threads.thread",
    "pk": 8,
    "fields": {
        "name": "new thread test",
        "user": 2,
        "subject": 3,
        "created_at": "2017-06-09T11:02:58.117Z",
        "views": 4
    }
},
{
    "model": "threads.thread",
    "pk": 9,
    "fields": {
        "name": "New thread",
        "user": 2,
        "subject": 1,
        "created_at": "2017-06-09T13:40:08.808Z",
        "views": 4
    }
},
{
    "model": "threads.thread",
    "pk": 10,
    "fields": {
        "name": "Thread name Thread name Thread name Thread name Thread name Thread name Thread name Thread name Thread name Thread name Thread name Thread name Thread name Thread name",
        "user": 2,
        "subject": 3,
        "created_at": "2017-06-09T15:07:13.342Z",
        "views": 42
    }
},
{
    "model": "threads.thread",
    "pk": 11,
    "fields": {
        "name": "New test thread with a poll",
        "user": 2,
        "subject": 1,
        "created_at": "2017-06-20T09:53:02.069Z",
        "views": 24
    }
},
{
    "model": "threads.thread",
    "pk": 12,
    "fields": {
        "name": "Another poll test",
        "user": 2,
        "subject": 2,
        "created_at": "2017-06-20T12:42:41.530Z",
        "views": 5
    }
},
{
    "model": "threads.thread",
    "pk": 13,
    "fields": {
        "name": "sjhcqlrejh;kndc/lnxlkcn",
        "user": 2,
        "subject": 2,
        "created_at": "2017-06-20T13:08:09.757Z",
        "views": 13
    }
},
{
    "model": "threads.post",
    "pk": 1,
    "fields": {
        "thread": 1,
        "comment": "<p>Lorem ipsum dolor sit amet, consectetur adipisicing elit. Asperiores assumenda dignissimos doloremque eius labore magni maxime molestiae, nesciunt numquam quas quis quod reiciendis vero? Architecto dolorem doloribus exercitationem nemo sit.</p>\r\n<p>Lorem ipsum dolor sit amet, consectetur adipisicing elit. Asperiores assumenda dignissimos doloremque eius labore magni maxime molestiae, nesciunt numquam quas quis quod reiciendis vero? Architecto dolorem doloribus exercitationem nemo sit.</p>",
        "user": 2,
        "created_at": "2017-04-05T15:43:54.227Z",
        "image": ""
    }
},
{
    "model": "threads.post",
    "pk": 3,
    "fields": {
        "thread": 2,
        "comment": "<p>fbakfjnvlkadc;lkc'a's'</p>",
        "user": 2,
        "created_at": "2017-04-06T12:07:42.990Z",
        "image": ""
    }
},
{
    "model": "threads.post",
    "pk": 6,
    "fields": {
        "thread": 3,
        "comment": "<p>jadkqhojw;lcwlknlmx;,ms</p>",
        "user": 2,
        "created_at": "2017-04-07T10:32:39.260Z",
        "image": ""
    }
},
{
    "model": "threads.post",
    "pk": 7,
    "fields": {
        "thread": 3,
        "comment": "<p>post test</p>",
        "user": 2,
        "created_at": "2017-04-07T10:36:15.282Z",
        "image": ""
    }
},
{
    "model": "threads.post",
    "pk": 9,
    "fields": {
        "thread": 5,
        "comment": "",
        "user": 2,
        "created_at": "2017-04-07T13:00:01.603Z",
        "image": ""
    }
},
{
    "model": "threads.post",
    "pk": 12,
    "fields": {
        "thread": 2,
        "comment": "<p>test post</p>",
        "user": 2,
        "created_at": "2017-05-04T09:42:11.134Z",
        "image": ""
    }
},
{
    "model": "threads.post",
    "pk": 13,
    "fields": {
        "thread": 6,
        "comment": "<p>Test comment here</p>",
        "user": 2,
        "created_at": "2017-05-09T11:32:14.238Z",
        "image": ""
    }
},
{
    "model": "threads.post",
    "pk": 14,
    "fields": {
        "thread": 6,
        "comment": "<p>Second post&nbsp;for the thread</p>",
        "user": 2,
        "created_at": "2017-05-09T11:33:23.249Z",
        "image": ""
    }
},
{
    "model": "threads.post",
    "pk": 15,
    "fields": {
        "thread": 6,
        "comment": "<p>third post for the thread</p>",
        "user": 2,
        "created_at": "2017-05-09T11:34:13.077Z",
        "image": ""
    }
},
{
    "model": "threads.post",
    "pk": 16,
    "fields": {
        "thread": 6,
        "comment": "<p>comment with an attached image</p>",
        "user": 2,
        "created_at": "2017-05-09T13:49:19.642Z",
        "image": "forum_images/Screwed.jpg"
    }
},
{
    "model": "threads.post",
    "pk": 17,
    "fields": {
        "thread": 6,
        "comment": "<p>comment to show line width a a a a a a a a a a a a a a a a a a a a a a a a a a a a a a a a a&nbsp;a a a a a a a a a a a a a a a a a a a a a a a a a a a a a a a a a&nbsp;a a a a a a a a a a a a a a a a a a a a a a a a a a a a a a a a a&nbsp;a a a a a a a a a a a a a a a a a a a a a a a a a a a a a a a a a&nbsp;a a a a a a a a a a a a a a a a a a a a a a a a a a a a a a a a a&nbsp;a a a a a a a a a a a a a a a a a a a a a a a a a a a a a a a a a&nbsp;a a a a a a a a a a a a a a a a a a a a a a a a a a a a a a a a a&nbsp;a a a a a a a a a a a a a a a a a a a a a a a a a a a a a a a a a&nbsp;a a a a a a a a a a a a a a a a a a a a a a a a a a a a a a a a a&nbsp;a a a a a a a a a a a a a a a a a a a a a a a a a a a a a a a a a&nbsp;a a a a a a a a a a a a a a a a a a a a a a a a a a a a a a a a a&nbsp;a a a a a a a a a a a a a a a a a a a a a a a a a a a a a a a a a&nbsp;a a a a a a a a a a a a a a a a a a a a a a a a a a a a a a a a a&nbsp;a a a a a a a a a a a a a a a a a a a a a a a a a a a a a a a a a&nbsp;a a a a a a a a a a a a a a a a a a a a a a a a a a a a a a a a a&nbsp;a a a a a a a a a a a a a a a a a a a a a a a a a a a a a a a a a&nbsp;a a a a a a a a a a a a a a a a a a a a a a a a a a a a a a a a a&nbsp;a a a a a a a a a a a a a a a a a a a a a a a a a a a a a a a a a&nbsp;a a a a a a a a a a a a a a a a a a a a a a a a a a a a a a a a a&nbsp;a a a a a a a a a a a a a a a a a a a a a a a a a a a a a a a a a&nbsp;a a a a a a a a a a a a a a a a a a a a a a a a a a a a a a a a a&nbsp;a a a a a a a a a a a a a a a a a a a a a a a a a a a a a a a a a&nbsp;a a a a a a a a a a a a a a a a a a a a a a a a a a a a a a a a a&nbsp;a a a a a a a a a a a a a a a a a a a a a a a a a a a a a a a a a&nbsp;</p>",
        "user": 2,
        "created_at": "2017-05-09T13:50:28.270Z",
        "image": ""
    }
},
{
    "model": "threads.post",
    "pk": 18,
    "fields": {
        "thread": 6,
        "comment": "",
        "user": 2,
        "created_at": "2017-05-09T13:51:58.778Z",
        "image": "forum_images/1976_Ferrari_288_GTO_Recreation.jpg"
    }
},
{
    "model": "threads.post",
    "pk": 19,
    "fields": {
        "thread": 1,
        "comment": "<p>Another post. With an image</p>",
        "user": 2,
        "created_at": "2017-06-05T12:22:18.139Z",
        "image": "forum_images/motorcycle-1152008_640.jpg"
    }
},
{
    "model": "threads.post",
    "pk": 20,
    "fields": {
        "thread": 1,
        "comment": "<p>Lorem ipsum dolor sit amet, consectetur adipisicing elit. Asperiores assumenda dignissimos doloremque eius labore magni maxime molestiae, nesciunt numquam quas quis quod reiciendis vero? Architecto dolorem doloribus exercitationem nemo sit.</p>\r\n<p>Lorem ipsum dolor sit amet, consectetur adipisicing elit. Asperiores assumenda dignissimos doloremque eius labore magni maxime molestiae, nesciunt numquam quas quis quod reiciendis vero? Architecto dolorem doloribus exercitationem nemo sit.</p>",
        "user": 2,
        "created_at": "2017-06-06T12:43:50.066Z",
        "image": ""
    }
},
{
    "model": "threads.post",
    "pk": 21,
    "fields": {
        "thread": 7,
        "comment": "<p>This is a test thread created by a different user to check if things appear to be working properly</p>",
        "user": 1,
        "created_at": "2017-06-06T12:52:30.953Z",
        "image": ""
    }
},
{
    "model": "threads.post",
    "pk": 22,
    "fields": {
        "thread": 1,
        "comment": "<p>Test post with a different user to check templatetags working</p>",
        "user": 1,
        "created_at": "2017-06-06T12:57:18.376Z",
        "image": ""
    }
},
{
    "model": "threads.post",
    "pk": 24,
    "fields": {
        "thread": 1,
        "comment": "<p>new post to test new_post view after adding cancel button</p>",
        "user": 2,
        "created_at": "2017-06-09T10:30:04.027Z",
        "image": ""
    }
},
{
    "model": "threads.post",
    "pk": 25,
    "fields": {
        "thread": 2,
        "comment": "<p>another test post</p>\r\n<p>edited for testing</p>\r\n<p>(twice)</p>",
        "user": 2,
        "created_at": "2017-06-09T10:32:07.568Z",
        "image": ""
    }
},
{
    "model": "threads.post",
    "pk": 26,
    "fields": {
        "thread": 8,
        "comment": "<p>new test after adding cancel button</p>\r\n<p>Lorem ipsum dolor sit amet, consectetur adipisicing elit. Asperiores assumenda dignissimos doloremque eius labore magni maxime molestiae, nesciunt numquam quas quis quod reiciendis vero? Architecto dolorem doloribus exercitationem nemo sit.</p>\r\n<p>Lorem ipsum dolor sit amet, consectetur adipisicing elit. Asperiores assumenda dignissimos doloremque eius labore magni maxime molestiae, nesciunt numquam quas quis quod reiciendis vero? Architecto dolorem doloribus exercitationem nemo sit.</p>",
        "user": 2,
        "created_at": "2017-06-09T11:02:58.117Z",
        "image": ""
    }
},
{
    "model": "threads.post",
    "pk": 27,
    "fields": {
        "thread": 7,
        "comment": "<p>new code to check revised cancel button</p>",
        "user": 2,
        "created_at": "2017-06-09T13:24:53.064Z",
        "image": ""
    }
},
{
    "model": "threads.post",
    "pk": 28,
    "fields": {
        "thread": 9,
        "comment": "<p>Hi!</p>",
        "user": 2,
        "created_at": "2017-06-09T13:40:08.808Z",
        "image": ""
    }
},
{
    "model": "threads.post",
    "pk": 29,
    "fields": {
        "thread": 10,
        "comment": "<p>Lorem ipsum dolor sit amet, consectetur adipisicing elit. Asperiores assumenda dignissimos doloremque eius labore magni maxime molestiae, nesciunt numquam quas quis quod reiciendis vero? Architecto dolorem doloribus exercitationem nemo sit.</p>\r\n<p>Lorem ipsum dolor sit amet, consectetur adipisicing elit. Asperiores assumenda dignissimos doloremque eius labore magni maxime molestiae, nesciunt numquam quas quis quod reiciendis vero? Architecto dolorem doloribus exercitationem nemo sit.</p>",
        "user": 2,
        "created_at": "2017-06-09T15:07:13.342Z",
        "image": ""
    }
},
{
    "model": "threads.post",
    "pk": 30,
    "fields": {
        "thread": 10,
        "comment": "<p>Lorem ipsum dolor sit amet, consectetur adipisicing elit. Asperiores assumenda dignissimos doloremque eius labore magni maxime molestiae, nesciunt numquam quas quis quod reiciendis vero? Architecto dolorem doloribus exercitationem nemo sit.</p>\r\n<p>Lorem ipsum dolor sit amet, consectetur adipisicing elit. Asperiores assumenda dignissimos doloremque eius labore magni maxime molestiae, nesciunt numquam quas quis quod reiciendis vero? Architecto dolorem doloribus exercitationem nemo sit.</p>",
        "user": 2,
        "created_at": "2017-06-09T15:19:15.538Z",
        "image": ""
    }
},
{
    "model": "threads.post",
    "pk": 32,
    "fields": {
        "thread": 1,
        "comment": "<p>Lorem ipsum dolor sit amet, consectetur adipisicing elit. Corporis deserunt dicta dolores doloribus harum ipsum neque nostrum provident quibusdam unde? Assumenda consectetur cum fuga id laborum magni molestias sapiente ut.</p>\r\n<p>&nbsp;</p>\r\n<p>Lorem ipsum dolor sit amet, consectetur adipisicing elit. Corporis deserunt dicta dolores doloribus harum ipsum neque nostrum provident quibusdam unde? Assumenda consectetur cum fuga id laborum magni molestias sapiente ut.</p>",
        "user": 2,
        "created_at": "2017-06-15T12:40:39.722Z",
        "image": ""
    }
},
{
    "model": "threads.post",
    "pk": 35,
    "fields": {
        "thread": 1,
        "comment": "<p>test</p>",
        "user": 2,
        "created_at": "2017-06-20T08:44:18.409Z",
        "image": ""
    }
},
{
    "model": "threads.post",
    "pk": 36,
    "fields": {
        "thread": 1,
        "comment": "<p>test</p>",
        "user": 2,
        "created_at": "2017-06-20T08:44:25.635Z",
        "image": ""
    }
},
{
    "model": "threads.post",
    "pk": 37,
    "fields": {
        "thread": 1,
        "comment": "<p>test</p>",
        "user": 2,
        "created_at": "2017-06-20T08:44:32.774Z",
        "image": ""
    }
},
{
    "model": "threads.post",
    "pk": 38,
    "fields": {
        "thread": 1,
        "comment": "<p>test</p>",
        "user": 2,
        "created_at": "2017-06-20T08:44:39.188Z",
        "image": ""
    }
},
{
    "model": "threads.post",
    "pk": 39,
    "fields": {
        "thread": 1,
        "comment": "<p>test</p>",
        "user": 2,
        "created_at": "2017-06-20T09:27:35.071Z",
        "image": ""
    }
},
{
    "model": "threads.post",
    "pk": 40,
    "fields": {
        "thread": 1,
        "comment": "<p>test</p>",
        "user": 2,
        "created_at": "2017-06-20T09:27:42.841Z",
        "image": ""
    }
},
{
    "model": "threads.post",
    "pk": 41,
    "fields": {
        "thread": 1,
        "comment": "<p>test</p>",
        "user": 2,
        "created_at": "2017-06-20T09:27:51.797Z",
        "image": ""
    }
},
{
    "model": "threads.post",
    "pk": 42,
    "fields": {
        "thread": 4,
        "comment": "<p>test post</p>",
        "user": 2,
        "created_at": "2017-06-20T09:50:49.170Z",
        "image": ""
    }
},
{
    "model": "threads.post",
    "pk": 43,
    "fields": {
        "thread": 11,
        "comment": "<p>Lorem ipsum dolor sit amet, consectetur adipisicing elit. Aspernatur consectetur, culpa dicta dignissimos libero minima modi necessitatibus optio perferendis perspiciatis placeat, porro possimus ratione tempore, totam. Accusamus aut iste tenetur?</p>",
        "user": 2,
        "created_at": "2017-06-20T09:53:02.069Z",
        "image": ""
    }
},
{
    "model": "threads.post",
    "pk": 44,
    "fields": {
        "thread": 12,
        "comment": "<p>a a a a a a a a a a a a a a a a a a a a a a a aa a a a a a a a a a a a a a a a a a a a a a a a a a a a a a a a a a a a a a a a a a a a a a a a a a a a a a a a a a a a a a a a a a a a a a a a a a a a aa a a a a a a a a a a a a a a a a a a a a a a a a a a a a a a a a a a a a a a a a a a a a a a a a a a a a a a a a a</p>",
        "user": 2,
        "created_at": "2017-06-20T12:42:41.530Z",
        "image": ""
    }
},
{
    "model": "threads.post",
    "pk": 45,
    "fields": {
        "thread": 13,
        "comment": "<p>adfbvlkegv;hwlkjwlkdc</p>",
        "user": 2,
        "created_at": "2017-06-20T13:08:09.757Z",
        "image": ""
    }
}
]
